artifact,label,owner
aa_1343,Boston 64.50,https://www.wikidata.org/wiki/Q49133
aa_1372,Boston 17.3340,https://www.wikidata.org/wiki/Q49133
aa_1454,Boston 57.720,https://www.wikidata.org/wiki/Q49133
aa_1459,Boston 1994.274,https://www.wikidata.org/wiki/Q49133
aa_1545,Boston 63.1245,https://www.wikidata.org/wiki/Q49133
aa_893,BCMA 1919.58.22,https://www.wikidata.org/wiki/Q4950759
aa_915,BCMA 1919.58.73,https://www.wikidata.org/wiki/Q4950759
aa_927,BCMA 1920.8.37,https://www.wikidata.org/wiki/Q4950759
aa_928,BCMA 1920.8.38,https://www.wikidata.org/wiki/Q4950759
aa_926,BCMA 1920.8.2,https://www.wikidata.org/wiki/Q4950759
aa_923,BCMA 1919.58.98,https://www.wikidata.org/wiki/Q4950759
aa_895,BCMA 1919.58.25,https://www.wikidata.org/wiki/Q4950759
aa_897,BCMA 1919.58.27,https://www.wikidata.org/wiki/Q4950759
aa_884,BCMA 1915.98,https://www.wikidata.org/wiki/Q4950759
aa_899,BCMA 1919.58.29,https://www.wikidata.org/wiki/Q4950759
aa_890,BCMA 1919.58.19,https://www.wikidata.org/wiki/Q4950759
aa_917,BCMA 1919.58.8,https://www.wikidata.org/wiki/Q4950759
aa_918,BCMA 1919.58.8 D,https://www.wikidata.org/wiki/Q4950759
aa_896,BCMA 1919.58.26,https://www.wikidata.org/wiki/Q4950759
aa_898,BCMA 1919.58.28,https://www.wikidata.org/wiki/Q4950759
aa_901,BCMA 1919.58.31,https://www.wikidata.org/wiki/Q4950759
aa_929,BCMA 1920.8.39,https://www.wikidata.org/wiki/Q4950759
aa_888,BCMA 1919.58.17,https://www.wikidata.org/wiki/Q4950759
aa_914,BCMA 1919.58.68,https://www.wikidata.org/wiki/Q4950759
aa_886,BCMA 1919.58.104,https://www.wikidata.org/wiki/Q4950759
aa_924,BCMA 1919.58.99,https://www.wikidata.org/wiki/Q4950759
aa_913,BCMA 1919.58.67,https://www.wikidata.org/wiki/Q4950759
aa_907,BCMA 1919.58.58,https://www.wikidata.org/wiki/Q4950759
aa_900,BCMA 1919.58.3,https://www.wikidata.org/wiki/Q4950759
aa_939,BCMA 1923.118.2,https://www.wikidata.org/wiki/Q4950759
aa_892,BCMA 1919.58.21,https://www.wikidata.org/wiki/Q4950759
aa_894,BCMA 1919.58.24,https://www.wikidata.org/wiki/Q4950759
aa_920,BCMA 1919.58.8b,https://www.wikidata.org/wiki/Q4950759
aa_916,BCMA 1919.58.78,https://www.wikidata.org/wiki/Q4950759
aa_733,BCMA 1914.6.1,https://www.wikidata.org/wiki/Q4950759
aa_885,BCMA 1919.58.1,https://www.wikidata.org/wiki/Q4950759
aa_891,BCMA 1919.58.2,https://www.wikidata.org/wiki/Q4950759
aa_882,BCMA 1914.6.8,https://www.wikidata.org/wiki/Q4950759
aa_904,BCMA 1919.58.4,https://www.wikidata.org/wiki/Q4950759
aa_883,BCMA 1915.94,https://www.wikidata.org/wiki/Q4950759
aa_945,BCMA 1923.119.9,https://www.wikidata.org/wiki/Q4950759
aa_944,BCMA 1923.119.5,https://www.wikidata.org/wiki/Q4950759
aa_906,BCMA 1919.58.4a,https://www.wikidata.org/wiki/Q4950759
aa_947,BCMA 1958.18.5,https://www.wikidata.org/wiki/Q4950759
aa_908,BCMA 1919.58.5a,https://www.wikidata.org/wiki/Q4950759
aa_922,BCMA 1919.58.97,https://www.wikidata.org/wiki/Q4950759
aa_905,BCMA 1919.58.40,https://www.wikidata.org/wiki/Q4950759
aa_878,BCMA 1914.6.2,https://www.wikidata.org/wiki/Q4950759
aa_879,BCMA 1914.6.3,https://www.wikidata.org/wiki/Q4950759
aa_903,BCMA 1919.58.39a,https://www.wikidata.org/wiki/Q4950759
aa_930,BCMA 1920.8.45,https://www.wikidata.org/wiki/Q4950759
aa_931,BCMA 1920.8.46,https://www.wikidata.org/wiki/Q4950759
aa_902,BCMA 1919.58.37,https://www.wikidata.org/wiki/Q4950759
aa_881,BCMA 1914.6.7,https://www.wikidata.org/wiki/Q4950759
aa_911,BCMA 1919.58.65,https://www.wikidata.org/wiki/Q4950759
aa_932,BCMA 1920.8.47,https://www.wikidata.org/wiki/Q4950759
aa_889,BCMA 1919.58.18,https://www.wikidata.org/wiki/Q4950759
aa_909,BCMA 1919.58.63,https://www.wikidata.org/wiki/Q4950759
aa_910,BCMA 1919.58.64,https://www.wikidata.org/wiki/Q4950759
aa_940,BCMA 1923.118.3,https://www.wikidata.org/wiki/Q4950759
aa_941,BCMA 1923.118.4,https://www.wikidata.org/wiki/Q4950759
aa_942,BCMA 1923.118.5,https://www.wikidata.org/wiki/Q4950759
aa_887,BCMA 1919.58.12,https://www.wikidata.org/wiki/Q4950759
aa_912,BCMA 1919.58.66,https://www.wikidata.org/wiki/Q4950759
aa_933,BCMA 1920.8.49,https://www.wikidata.org/wiki/Q4950759
aa_934,BCMA 1920.8.51,https://www.wikidata.org/wiki/Q4950759
aa_935,BCMA 1920.8.52,https://www.wikidata.org/wiki/Q4950759
aa_936,BCMA 1920.8.53,https://www.wikidata.org/wiki/Q4950759
aa_943,BCMA 1923.118.6,https://www.wikidata.org/wiki/Q4950759
aa_925,BCMA 1920.8.1,https://www.wikidata.org/wiki/Q4950759
aa_919,BCMA 1919.58.89,https://www.wikidata.org/wiki/Q4950759
aa_937,BCMA 1920.8.55,https://www.wikidata.org/wiki/Q4950759
aa_946,BCMA 1958.18.2,https://www.wikidata.org/wiki/Q4950759
aa_921,BCMA 1919.58.95,https://www.wikidata.org/wiki/Q4950759
aa_880,BCMA 1914.6.6,https://www.wikidata.org/wiki/Q4950759
aa_938,BCMA 1920.8.57,https://www.wikidata.org/wiki/Q4950759
aa_822,BCMA 1914.6.12,https://www.wikidata.org/wiki/Q4950759
aa_950,Boston 1997.89,https://www.wikidata.org/wiki/Q49133
aa_951,Boston 1997.95,https://www.wikidata.org/wiki/Q49133
aa_952,Boston 1987.491,https://www.wikidata.org/wiki/Q49133
aa_953,Boston 1997.63,https://www.wikidata.org/wiki/Q49133
aa_954,Boston 1997.93,https://www.wikidata.org/wiki/Q49133
aa_955,Boston 1997.88,https://www.wikidata.org/wiki/Q49133
aa_956,Boston 1997.94,https://www.wikidata.org/wiki/Q49133
aa_957,Boston 1997.91,https://www.wikidata.org/wiki/Q49133
aa_958,Boston 1997.92,https://www.wikidata.org/wiki/Q49133
aa_959,Boston 1996.107,https://www.wikidata.org/wiki/Q49133
aa_960,Boston 1997.84,https://www.wikidata.org/wiki/Q49133
aa_961,Boston 1997.86,https://www.wikidata.org/wiki/Q49133
aa_962,Boston 1996.104,https://www.wikidata.org/wiki/Q49133
aa_963,Boston 1996.105,https://www.wikidata.org/wiki/Q49133
aa_964,Boston 1997.90,https://www.wikidata.org/wiki/Q49133
aa_965,Boston 1996.106,https://www.wikidata.org/wiki/Q49133
aa_966,Boston 1997.87,https://www.wikidata.org/wiki/Q49133
aa_967,Boston 1997.85,https://www.wikidata.org/wiki/Q49133
aa_968,Boston 88.373,https://www.wikidata.org/wiki/Q49133
aa_969,Boston 88.374,https://www.wikidata.org/wiki/Q49133
aa_970,Boston 32.655,https://www.wikidata.org/wiki/Q49133
aa_971,Boston 17.3313,https://www.wikidata.org/wiki/Q49133
aa_972,Boston 32.653,https://www.wikidata.org/wiki/Q49133
aa_973,Boston 32.659,https://www.wikidata.org/wiki/Q49133
aa_974,Boston 32.660,https://www.wikidata.org/wiki/Q49133
aa_975,Boston 32.700,https://www.wikidata.org/wiki/Q49133
aa_976,Boston 32.736,https://www.wikidata.org/wiki/Q49133
aa_977,Boston 54.672,https://www.wikidata.org/wiki/Q49133
aa_978,Boston 88.378,https://www.wikidata.org/wiki/Q49133
aa_979,Boston 98.1130,https://www.wikidata.org/wiki/Q49133
aa_980,Boston 98.1133,https://www.wikidata.org/wiki/Q49133
aa_981,Boston 01.1993,https://www.wikidata.org/wiki/Q49133
aa_982,Boston 01.5039,https://www.wikidata.org/wiki/Q49133
aa_983,Boston 12.906,https://www.wikidata.org/wiki/Q49133
aa_984,Boston 32.751,https://www.wikidata.org/wiki/Q49133
aa_985,Boston 32.763,https://www.wikidata.org/wiki/Q49133
aa_986,Boston 32.764,https://www.wikidata.org/wiki/Q49133
aa_987,Boston 32.766,https://www.wikidata.org/wiki/Q49133
aa_988,Boston 32.801,https://www.wikidata.org/wiki/Q49133
aa_989,Boston 32.810,https://www.wikidata.org/wiki/Q49133
aa_990,Boston 1984.44,https://www.wikidata.org/wiki/Q49133
aa_991,Boston 88.383,https://www.wikidata.org/wiki/Q49133
aa_992,Boston 92.23,https://www.wikidata.org/wiki/Q49133
aa_993,Boston 95.166,https://www.wikidata.org/wiki/Q49133
aa_994,Boston 95.167,https://www.wikidata.org/wiki/Q49133
aa_995,Boston 95.168,https://www.wikidata.org/wiki/Q49133
aa_996,Boston 98.1129,https://www.wikidata.org/wiki/Q49133
aa_997,Boston 98.1135,https://www.wikidata.org/wiki/Q49133
aa_998,Boston 01.1916,https://www.wikidata.org/wiki/Q49133
aa_999,Boston 03.1917,https://www.wikidata.org/wiki/Q49133
aa_1000,Boston 12.440,https://www.wikidata.org/wiki/Q49133
aa_1001,Boston 12.441,https://www.wikidata.org/wiki/Q49133
aa_1002,Boston 12.442,https://www.wikidata.org/wiki/Q49133
aa_1003,Boston 12.443,https://www.wikidata.org/wiki/Q49133
aa_1004,Boston 12.445,https://www.wikidata.org/wiki/Q49133
aa_1006,Boston 12.452,https://www.wikidata.org/wiki/Q49133
aa_1007,Boston 12.453,https://www.wikidata.org/wiki/Q49133
aa_1008,Boston 12.456,https://www.wikidata.org/wiki/Q49133
aa_1009,Boston 12.457,https://www.wikidata.org/wiki/Q49133
aa_1010,Boston 52.193,https://www.wikidata.org/wiki/Q49133
aa_1011,Boston 1981.362,https://www.wikidata.org/wiki/Q49133
aa_1012,Boston 13.4505,https://www.wikidata.org/wiki/Q49133
aa_1013,Boston 32.744,https://www.wikidata.org/wiki/Q49133
aa_1014,Boston 32.746,https://www.wikidata.org/wiki/Q49133
aa_1015,Boston 32.753,https://www.wikidata.org/wiki/Q49133
aa_1016,Boston 32.759,https://www.wikidata.org/wiki/Q49133
aa_1017,Boston 32.769,https://www.wikidata.org/wiki/Q49133
aa_1018,Boston 32.772,https://www.wikidata.org/wiki/Q49133
aa_1019,Boston 32.774,https://www.wikidata.org/wiki/Q49133
aa_1020,Boston 32.778,https://www.wikidata.org/wiki/Q49133
aa_1021,Boston 32.791,https://www.wikidata.org/wiki/Q49133
aa_1022,Boston 32.793,https://www.wikidata.org/wiki/Q49133
aa_1023,Boston 32.803,https://www.wikidata.org/wiki/Q49133
aa_1024,Boston 32.807,https://www.wikidata.org/wiki/Q49133
aa_1025,Boston 32.816,https://www.wikidata.org/wiki/Q49133
aa_1026,Boston 42.526,https://www.wikidata.org/wiki/Q49133
aa_1027,Boston 42.527,https://www.wikidata.org/wiki/Q49133
aa_1028,Boston 67.1028,https://www.wikidata.org/wiki/Q49133
aa_1029,Boston 1977.494,https://www.wikidata.org/wiki/Q49133
aa_1030,Boston 1977.495,https://www.wikidata.org/wiki/Q49133
aa_1031,Boston 35.217,https://www.wikidata.org/wiki/Q49133
aa_1032,Boston 1981.165,https://www.wikidata.org/wiki/Q49133
aa_1033,Boston 69.30,https://www.wikidata.org/wiki/Q49133
aa_1034,Boston 58.960,https://www.wikidata.org/wiki/Q49133
aa_1035,Boston 1987.301,https://www.wikidata.org/wiki/Q49133
aa_1036,Boston 52.1015,https://www.wikidata.org/wiki/Q49133
aa_1037,Boston 62.162,https://www.wikidata.org/wiki/Q49133
aa_1038,Boston 60.1430,https://www.wikidata.org/wiki/Q49133
aa_1039,Boston 1977.610,https://www.wikidata.org/wiki/Q49133
aa_1040,Boston 1984.43,https://www.wikidata.org/wiki/Q49133
aa_1041,Boston 1985.440,https://www.wikidata.org/wiki/Q49133
aa_1042,Boston 95.165,https://www.wikidata.org/wiki/Q49133
aa_1043,Boston 01.1932,https://www.wikidata.org/wiki/Q49133
aa_1044,Boston 13.619,https://www.wikidata.org/wiki/Q49133
aa_1045,Boston 13.624,https://www.wikidata.org/wiki/Q49133
aa_1046,Boston 34.1406,https://www.wikidata.org/wiki/Q49133
aa_1047,Boston 60.518,https://www.wikidata.org/wiki/Q49133
aa_1048,Boston 67.1026,https://www.wikidata.org/wiki/Q49133
aa_1049,Boston 63.2650,https://www.wikidata.org/wiki/Q49133
aa_1050,Boston 1992.3,https://www.wikidata.org/wiki/Q49133
aa_1051,Boston 1992.4,https://www.wikidata.org/wiki/Q49133
aa_1052,Boston 32.777,https://www.wikidata.org/wiki/Q49133
aa_1053,Boston 32.779,https://www.wikidata.org/wiki/Q49133
aa_1054,Boston 32.783,https://www.wikidata.org/wiki/Q49133
aa_1055,Boston 32.784,https://www.wikidata.org/wiki/Q49133
aa_1056,Boston 32.785,https://www.wikidata.org/wiki/Q49133
aa_1057,Boston 32.787,https://www.wikidata.org/wiki/Q49133
aa_1058,Boston 1977.611,https://www.wikidata.org/wiki/Q49133
aa_1059,Boston 93.1482,https://www.wikidata.org/wiki/Q49133
aa_1060,Boston 1992.153,https://www.wikidata.org/wiki/Q49133
aa_1061,Boston temp.,https://www.wikidata.org/wiki/Q49133
aa_1062,Boston 12.436,https://www.wikidata.org/wiki/Q49133
aa_1063,Boston 58.962,https://www.wikidata.org/wiki/Q49133
aa_1064,Boston 35.219,https://www.wikidata.org/wiki/Q49133
aa_1065,Boston 58.961,https://www.wikidata.org/wiki/Q49133
aa_1066,Boston 58.517,https://www.wikidata.org/wiki/Q49133
aa_1067,Boston 59.179,https://www.wikidata.org/wiki/Q49133
aa_1068,Boston 59.180,https://www.wikidata.org/wiki/Q49133
aa_1069,Boston 63.69,https://www.wikidata.org/wiki/Q49133
aa_1070,Boston 68.614,https://www.wikidata.org/wiki/Q49133
aa_1071,Boston 00.283,https://www.wikidata.org/wiki/Q49133
aa_1072,Boston 35.263,https://www.wikidata.org/wiki/Q49133
aa_1073,Boston 53.2016,https://www.wikidata.org/wiki/Q49133
aa_1074,Boston 67.1007,https://www.wikidata.org/wiki/Q49133
aa_1075,Boston 1972.199,https://www.wikidata.org/wiki/Q49133
aa_1076,Boston 1973.638,https://www.wikidata.org/wiki/Q49133
aa_1077,Boston 62.562,https://www.wikidata.org/wiki/Q49133
aa_1078,Boston 67.1029,https://www.wikidata.org/wiki/Q49133
aa_1079,Boston 63.1625,https://www.wikidata.org/wiki/Q49133
aa_1080,Boston 98.67,https://www.wikidata.org/wiki/Q49133
aa_1081,Boston 92.205,https://www.wikidata.org/wiki/Q49133
aa_1082,Boston 95.169,https://www.wikidata.org/wiki/Q49133
aa_1083,Boston 95.170,https://www.wikidata.org/wiki/Q49133
aa_1084,Boston 92.209,https://www.wikidata.org/wiki/Q49133
aa_1085,Boston 97.1093,https://www.wikidata.org/wiki/Q49133
aa_1086,Boston 34.1405,https://www.wikidata.org/wiki/Q49133
aa_1087,Boston 12.512,https://www.wikidata.org/wiki/Q49133
aa_1088,Boston 1975.764,https://www.wikidata.org/wiki/Q49133
aa_1089,Boston 60.139,https://www.wikidata.org/wiki/Q49133
aa_1090,Boston 67.628,https://www.wikidata.org/wiki/Q49133
aa_1091,Boston 1984.767,https://www.wikidata.org/wiki/Q49133
aa_1092,Boston 60.1441,https://www.wikidata.org/wiki/Q49133
aa_1093,Boston 00.285,https://www.wikidata.org/wiki/Q49133
aa_1094,Boston 00.284,https://www.wikidata.org/wiki/Q49133
aa_1095,Boston 1985.231,https://www.wikidata.org/wiki/Q49133
aa_1096,Boston 1978.39,https://www.wikidata.org/wiki/Q49133
aa_1097,Boston 35.269,https://www.wikidata.org/wiki/Q49133
aa_1098,Boston 92.30,https://www.wikidata.org/wiki/Q49133
aa_1099,Boston 12.533,https://www.wikidata.org/wiki/Q49133
aa_1100,Boston 1985.441,https://www.wikidata.org/wiki/Q49133
aa_1101,Boston 32.552,https://www.wikidata.org/wiki/Q49133
aa_1102,Boston 35.222,https://www.wikidata.org/wiki/Q49133
aa_1103,Boston 00.282,https://www.wikidata.org/wiki/Q49133
aa_1104,Boston 34.1407,https://www.wikidata.org/wiki/Q49133
aa_1105,Boston 1982.593,https://www.wikidata.org/wiki/Q49133
aa_1106,Boston 54.568,https://www.wikidata.org/wiki/Q49133
aa_1107,Boston 60.522,https://www.wikidata.org/wiki/Q49133
aa_1108,Boston 61.1194,https://www.wikidata.org/wiki/Q49133
aa_1109,Boston 98.1139,https://www.wikidata.org/wiki/Q49133
aa_1110,Boston 35.255,https://www.wikidata.org/wiki/Q49133
aa_1111,Boston 32.572,https://www.wikidata.org/wiki/Q49133
aa_1112,Boston 1975.794,https://www.wikidata.org/wiki/Q49133
aa_1113,Boston 67.1008,https://www.wikidata.org/wiki/Q49133
aa_1114,Boston 1975.795,https://www.wikidata.org/wiki/Q49133
aa_1115,Boston 67.1030,https://www.wikidata.org/wiki/Q49133
aa_1116,Boston 1975.769,https://www.wikidata.org/wiki/Q49133
aa_1117,Boston 00.286,https://www.wikidata.org/wiki/Q49133
aa_1118,Boston 00.287,https://www.wikidata.org/wiki/Q49133
aa_1119,Boston 01.8479,https://www.wikidata.org/wiki/Q49133
aa_1120,Boston 32.647,https://www.wikidata.org/wiki/Q49133
aa_1121,Boston 35.221,https://www.wikidata.org/wiki/Q49133
aa_1122,Boston 00.288,https://www.wikidata.org/wiki/Q49133
aa_1123,Boston 35.1464,https://www.wikidata.org/wiki/Q49133
aa_1124,Boston 35.223,https://www.wikidata.org/wiki/Q49133
aa_1125,Boston 59.181,https://www.wikidata.org/wiki/Q49133
aa_1126,Boston 60.140,https://www.wikidata.org/wiki/Q49133
aa_1127,Boston 1982.594,https://www.wikidata.org/wiki/Q49133
aa_1128,Boston 65.459,https://www.wikidata.org/wiki/Q49133
aa_1129,Boston 35.268,https://www.wikidata.org/wiki/Q49133
aa_1130,Boston 62.655,https://www.wikidata.org/wiki/Q49133
aa_1131,Boston 1988.349,https://www.wikidata.org/wiki/Q49133
aa_1132,Boston 1975.772,https://www.wikidata.org/wiki/Q49133
aa_1133,Boston 95.172,https://www.wikidata.org/wiki/Q49133
aa_1134,Boston 60.514,https://www.wikidata.org/wiki/Q49133
aa_1135,Boston 68.4,https://www.wikidata.org/wiki/Q49133
aa_1136,Boston 69.1054,https://www.wikidata.org/wiki/Q49133
aa_1137,Boston 1973.640,https://www.wikidata.org/wiki/Q49133
aa_1138,Boston 1975.276,https://www.wikidata.org/wiki/Q49133
aa_1139,Boston 35.228,https://www.wikidata.org/wiki/Q49133
aa_1140,Boston 35.1459,https://www.wikidata.org/wiki/Q49133
aa_1141,Boston 63.1626,https://www.wikidata.org/wiki/Q49133
aa_1142,Boston 62.572,https://www.wikidata.org/wiki/Q49133
aa_1143,Boston 00.289,https://www.wikidata.org/wiki/Q49133
aa_1144,Boston 52.1013,https://www.wikidata.org/wiki/Q49133
aa_1145,Boston 52.1016,https://www.wikidata.org/wiki/Q49133
aa_1146,Boston 60.1431,https://www.wikidata.org/wiki/Q49133
aa_1147,Boston 67.1009,https://www.wikidata.org/wiki/Q49133
aa_1148,Boston 1973.641,https://www.wikidata.org/wiki/Q49133
aa_1149,Boston 1974.504,https://www.wikidata.org/wiki/Q49133
aa_1150,Boston 1975.277,https://www.wikidata.org/wiki/Q49133
aa_1151,Boston 1975.778,https://www.wikidata.org/wiki/Q49133
aa_1152,Boston 54.40,https://www.wikidata.org/wiki/Q49133
aa_1153,Boston 67.1010,https://www.wikidata.org/wiki/Q49133
aa_1154,Boston 68.14,https://www.wikidata.org/wiki/Q49133
aa_1155,Boston 1975.780,https://www.wikidata.org/wiki/Q49133
aa_1156,Boston 61.134,https://www.wikidata.org/wiki/Q49133
aa_1157,Boston 62.573,https://www.wikidata.org/wiki/Q49133
aa_1158,Boston 62.574,https://www.wikidata.org/wiki/Q49133
aa_1159,Boston 01.5026,https://www.wikidata.org/wiki/Q49133
aa_1160,Boston 32.638,https://www.wikidata.org/wiki/Q49133
aa_1161,Boston 32.837,https://www.wikidata.org/wiki/Q49133
aa_1162,Boston 67.629,https://www.wikidata.org/wiki/Q49133
aa_1163,Boston 35.247,https://www.wikidata.org/wiki/Q49133
aa_1164,Boston 52.1027,https://www.wikidata.org/wiki/Q49133
aa_1165,Boston 60.1434,https://www.wikidata.org/wiki/Q49133
aa_1166,Boston 64.963,https://www.wikidata.org/wiki/Q49133
aa_1167,Boston 68.703,https://www.wikidata.org/wiki/Q49133
aa_1168,Boston 68.704,https://www.wikidata.org/wiki/Q49133
aa_1169,Boston 64.976,https://www.wikidata.org/wiki/Q49133
aa_1170,Boston 34.1416,https://www.wikidata.org/wiki/Q49133
aa_1171,Boston 62.555,https://www.wikidata.org/wiki/Q49133
aa_1172,Boston 58.4,https://www.wikidata.org/wiki/Q49133
aa_1173,Boston 63.2651,https://www.wikidata.org/wiki/Q49133
aa_1174,Boston 64.975,https://www.wikidata.org/wiki/Q49133
aa_1175,Boston 00.290,https://www.wikidata.org/wiki/Q49133
aa_1176,Boston 32.611,https://www.wikidata.org/wiki/Q49133
aa_1177,Boston 32.614,https://www.wikidata.org/wiki/Q49133
aa_1178,Boston 32.644,https://www.wikidata.org/wiki/Q49133
aa_1179,Boston 32.693,https://www.wikidata.org/wiki/Q49133
aa_1180,Boston 34.1415,https://www.wikidata.org/wiki/Q49133
aa_1181,Boston 64.2126,https://www.wikidata.org/wiki/Q49133
aa_1182,Boston 68.705,https://www.wikidata.org/wiki/Q49133
aa_1183,Boston 64.300,https://www.wikidata.org/wiki/Q49133
aa_1616,Boston 1986.888,https://www.wikidata.org/wiki/Q49133
aa_1617,Boston 59.652,https://www.wikidata.org/wiki/Q49133
aa_1618,Boston 1975.797,https://www.wikidata.org/wiki/Q49133
aa_1619,Boston 12.503,https://www.wikidata.org/wiki/Q49133
aa_1624,Boston 12.536,https://www.wikidata.org/wiki/Q49133
aa_1620,Boston 62.575,https://www.wikidata.org/wiki/Q49133
aa_1621,Boston 60.523,https://www.wikidata.org/wiki/Q49133
aa_1622,Boston 34.1414,https://www.wikidata.org/wiki/Q49133
aa_1625,Boston 64.977,https://www.wikidata.org/wiki/Q49133
aa_1623,Boston 69.1143,https://www.wikidata.org/wiki/Q49133
aa_1626,Boston 67.1031,https://www.wikidata.org/wiki/Q49133
aa_1627,Boston 00.291,https://www.wikidata.org/wiki/Q49133
aa_1629,Boston 1974.505,https://www.wikidata.org/wiki/Q49133
aa_1628,Boston 58.5,https://www.wikidata.org/wiki/Q49133
aa_1630,Boston 1975.785,https://www.wikidata.org/wiki/Q49133
aa_1631,Boston 1975.786,https://www.wikidata.org/wiki/Q49133
aa_1632,Boston 1975.796,https://www.wikidata.org/wiki/Q49133
aa_1633,Boston 95.173,https://www.wikidata.org/wiki/Q49133
aa_1634,Boston 17.3277,https://www.wikidata.org/wiki/Q49133
aa_1635,Boston 17.3282,https://www.wikidata.org/wiki/Q49133
aa_1636,Boston 17.3283,https://www.wikidata.org/wiki/Q49133
aa_1637,Boston 32.1181,https://www.wikidata.org/wiki/Q49133
aa_1638,Boston 32.1182,https://www.wikidata.org/wiki/Q49133
aa_1639,Boston 60.525,https://www.wikidata.org/wiki/Q49133
aa_1640,Boston 63.2658,https://www.wikidata.org/wiki/Q49133
aa_1641,Boston 92.48,https://www.wikidata.org/wiki/Q49133
aa_1642,Boston 92.56,https://www.wikidata.org/wiki/Q49133
aa_1643,Boston 92.77,https://www.wikidata.org/wiki/Q49133
aa_1644,Boston 00.292,https://www.wikidata.org/wiki/Q49133
aa_1645,Boston 32.679,https://www.wikidata.org/wiki/Q49133
aa_1646,Boston 32.682,https://www.wikidata.org/wiki/Q49133
aa_1647,Boston 32.858,https://www.wikidata.org/wiki/Q49133
aa_1648,Boston 32.860,https://www.wikidata.org/wiki/Q49133
aa_1649,Boston 35.231,https://www.wikidata.org/wiki/Q49133
aa_1650,Boston 35.259,https://www.wikidata.org/wiki/Q49133
aa_1651,Boston 60.524,https://www.wikidata.org/wiki/Q49133
aa_1652,Boston 63.2652,https://www.wikidata.org/wiki/Q49133
aa_1653,Boston 35.230,https://www.wikidata.org/wiki/Q49133
aa_1654,Boston 35.1456,https://www.wikidata.org/wiki/Q49133
aa_1655,Boston 65.440,https://www.wikidata.org/wiki/Q49133
aa_1656,Boston 65.441,https://www.wikidata.org/wiki/Q49133
aa_1657,Boston 68.707,https://www.wikidata.org/wiki/Q49133
aa_1658,Boston 1978.44,https://www.wikidata.org/wiki/Q49133
aa_1659,Boston 1982.595,https://www.wikidata.org/wiki/Q49133
aa_1660,Boston 1982.596,https://www.wikidata.org/wiki/Q49133
aa_1661,Boston 1982.597,https://www.wikidata.org/wiki/Q49133
aa_1662,Boston 1982.598,https://www.wikidata.org/wiki/Q49133
aa_1663,Boston 1982.599,https://www.wikidata.org/wiki/Q49133
aa_1664,Boston 34.1413,https://www.wikidata.org/wiki/Q49133
aa_1665,Boston 1982.600,https://www.wikidata.org/wiki/Q49133
aa_1666,Boston 1986.889,https://www.wikidata.org/wiki/Q49133
aa_1667,Boston 56.140,https://www.wikidata.org/wiki/Q49133
aa_1668,Boston 58.518,https://www.wikidata.org/wiki/Q49133
aa_1669,Boston 60.226,https://www.wikidata.org/wiki/Q49133
aa_1670,Boston 62.576,https://www.wikidata.org/wiki/Q49133
aa_1671,Boston 63.70,https://www.wikidata.org/wiki/Q49133
aa_1672,Boston 63.71,https://www.wikidata.org/wiki/Q49133
aa_1673,Boston 63.2653,https://www.wikidata.org/wiki/Q49133
aa_1674,Boston 63.2654,https://www.wikidata.org/wiki/Q49133
aa_1675,Boston 63.2655,https://www.wikidata.org/wiki/Q49133
aa_1676,Boston 64.299,https://www.wikidata.org/wiki/Q49133
aa_1677,Boston 32.1198,https://www.wikidata.org/wiki/Q49133
aa_1678,Boston 32.1191,https://www.wikidata.org/wiki/Q49133
aa_1679,Boston 16.428,https://www.wikidata.org/wiki/Q49133
aa_1680,Boston 12.539,https://www.wikidata.org/wiki/Q49133
aa_1681,Boston 00.293,https://www.wikidata.org/wiki/Q49133
aa_1682,Boston 54.41,https://www.wikidata.org/wiki/Q49133
aa_1683,Boston 67.600,https://www.wikidata.org/wiki/Q49133
aa_1684,Boston 68.290,https://www.wikidata.org/wiki/Q49133
aa_1685,Boston 1973.642,https://www.wikidata.org/wiki/Q49133
aa_1686,Boston 1974.521,https://www.wikidata.org/wiki/Q49133
aa_1687,Boston 1975.787,https://www.wikidata.org/wiki/Q49133
aa_1688,Boston 52.1017,https://www.wikidata.org/wiki/Q49133
aa_1689,Boston 1975.789,https://www.wikidata.org/wiki/Q49133
aa_1690,Boston 32.1207,https://www.wikidata.org/wiki/Q49133
aa_1691,Boston 12.514,https://www.wikidata.org/wiki/Q49133
aa_1692,Boston 65.562,https://www.wikidata.org/wiki/Q49133
aa_1693,Boston 65.561,https://www.wikidata.org/wiki/Q49133
aa_1694,Boston 69.953,https://www.wikidata.org/wiki/Q49133
aa_1695,Boston 69.954,https://www.wikidata.org/wiki/Q49133
aa_1696,Boston 1977.492,https://www.wikidata.org/wiki/Q49133
aa_1697,Boston 88.425,https://www.wikidata.org/wiki/Q49133
aa_1698,Boston 92.65,https://www.wikidata.org/wiki/Q49133
aa_1699,Boston 35.246,https://www.wikidata.org/wiki/Q49133
aa_1700,Boston 35.253,https://www.wikidata.org/wiki/Q49133
aa_1701,Boston 00.294,https://www.wikidata.org/wiki/Q49133
aa_1702,Boston 00.295,https://www.wikidata.org/wiki/Q49133
aa_1703,Boston 32.652,https://www.wikidata.org/wiki/Q49133
aa_1704,Boston 1962 Apparatus no. 3,https://www.wikidata.org/wiki/Q49133
aa_1705,Boston 32.715,https://www.wikidata.org/wiki/Q49133
aa_1706,Boston 32.620,https://www.wikidata.org/wiki/Q49133
aa_1707,Boston 32.701,https://www.wikidata.org/wiki/Q49133
aa_1708,Boston 32.706,https://www.wikidata.org/wiki/Q49133
aa_1709,Boston 32.863,https://www.wikidata.org/wiki/Q49133
aa_1710,Boston 32.1194,https://www.wikidata.org/wiki/Q49133
aa_1711,Boston 35.257,https://www.wikidata.org/wiki/Q49133
aa_1712,Boston 62.563,https://www.wikidata.org/wiki/Q49133
aa_1713,Boston 63.253,https://www.wikidata.org/wiki/Q49133
aa_1714,Boston 64.2127,https://www.wikidata.org/wiki/Q49133
aa_1715,Boston 65.442,https://www.wikidata.org/wiki/Q49133
aa_1716,Boston 65.444,https://www.wikidata.org/wiki/Q49133
aa_1717,Boston 65.445,https://www.wikidata.org/wiki/Q49133
aa_1718,Boston 65.448,https://www.wikidata.org/wiki/Q49133
aa_1719,Boston 65.449,https://www.wikidata.org/wiki/Q49133
aa_1720,Boston 68.708,https://www.wikidata.org/wiki/Q49133
aa_1721,Boston 1970.66,https://www.wikidata.org/wiki/Q49133
aa_1722,Boston 1972.77,https://www.wikidata.org/wiki/Q49133
aa_1723,Boston 1982.601,https://www.wikidata.org/wiki/Q49133
aa_1724,Boston 1982.602,https://www.wikidata.org/wiki/Q49133
aa_1725,Boston 1985.234,https://www.wikidata.org/wiki/Q49133
aa_1726,Boston 1986.890,https://www.wikidata.org/wiki/Q49133
aa_1727,Boston 35.690,https://www.wikidata.org/wiki/Q49133
aa_1728,Boston 1982.603,https://www.wikidata.org/wiki/Q49133
aa_1729,Boston 67.630,https://www.wikidata.org/wiki/Q49133
aa_1184,Boston 32.891,https://www.wikidata.org/wiki/Q49133
aa_1185,Boston 40.179,https://www.wikidata.org/wiki/Q49133
aa_1186,Boston 60.141,https://www.wikidata.org/wiki/Q49133
aa_1187,Boston 60.144,https://www.wikidata.org/wiki/Q49133
aa_1188,Boston 63.254,https://www.wikidata.org/wiki/Q49133
aa_1189,Boston 64.2128,https://www.wikidata.org/wiki/Q49133
aa_1190,Boston 64.2129,https://www.wikidata.org/wiki/Q49133
aa_1191,Boston 64.2130,https://www.wikidata.org/wiki/Q49133
aa_1192,Boston 64.2131,https://www.wikidata.org/wiki/Q49133
aa_1193,Boston 64.2132,https://www.wikidata.org/wiki/Q49133
aa_1194,Boston 65.450,https://www.wikidata.org/wiki/Q49133
aa_1195,Boston 65.451,https://www.wikidata.org/wiki/Q49133
aa_1196,Boston 65.452,https://www.wikidata.org/wiki/Q49133
aa_1197,Boston 65.454,https://www.wikidata.org/wiki/Q49133
aa_1198,Boston 67.631,https://www.wikidata.org/wiki/Q49133
aa_1199,Boston 68.709,https://www.wikidata.org/wiki/Q49133
aa_1200,Boston 1984.8,https://www.wikidata.org/wiki/Q49133
aa_1201,Boston 13.507,https://www.wikidata.org/wiki/Q49133
aa_1202,Boston 32.1215,https://www.wikidata.org/wiki/Q49133
aa_1203,Boston 32.1218,https://www.wikidata.org/wiki/Q49133
aa_1204,Boston 12.545,https://www.wikidata.org/wiki/Q49133
aa_1205,Boston 1975.278,https://www.wikidata.org/wiki/Q49133
aa_1206,Boston 1976.85,https://www.wikidata.org/wiki/Q49133
aa_1207,Boston 32.722,https://www.wikidata.org/wiki/Q49133
aa_1208,Boston 32.876,https://www.wikidata.org/wiki/Q49133
aa_1209,Boston 32.895,https://www.wikidata.org/wiki/Q49133
aa_1210,Boston 1962 Apparatus no. 5,https://www.wikidata.org/wiki/Q49133
aa_1211,Boston 32.720,https://www.wikidata.org/wiki/Q49133
aa_1212,Boston 1982.604,https://www.wikidata.org/wiki/Q49133
aa_1213,Boston 1982.605,https://www.wikidata.org/wiki/Q49133
aa_1214,Boston 1982.606,https://www.wikidata.org/wiki/Q49133
aa_1215,Boston 1982.607,https://www.wikidata.org/wiki/Q49133
aa_1216,Boston 1982.608,https://www.wikidata.org/wiki/Q49133
aa_1217,Boston 1986.892,https://www.wikidata.org/wiki/Q49133
aa_1218,Boston 32.869,https://www.wikidata.org/wiki/Q49133
aa_1219,Boston 32.1231,https://www.wikidata.org/wiki/Q49133
aa_1220,Boston 35.274,https://www.wikidata.org/wiki/Q49133
aa_1221,Boston 63.1620,https://www.wikidata.org/wiki/Q49133
aa_1222,Boston 67.1012,https://www.wikidata.org/wiki/Q49133
aa_1223,Boston 97.220,https://www.wikidata.org/wiki/Q49133
aa_1224,Boston 32.1224,https://www.wikidata.org/wiki/Q49133
aa_1225,Boston 32.1227,https://www.wikidata.org/wiki/Q49133
aa_1226,Boston 68.454,https://www.wikidata.org/wiki/Q49133
aa_1227,Boston 69.1055,https://www.wikidata.org/wiki/Q49133
aa_1228,Boston 1975.798,https://www.wikidata.org/wiki/Q49133
aa_1229,Boston 1972.75,https://www.wikidata.org/wiki/Q49133
aa_1230,Boston 1978.41,https://www.wikidata.org/wiki/Q49133
aa_1231,Boston 32.931,https://www.wikidata.org/wiki/Q49133
aa_1232,Boston 34.1417,https://www.wikidata.org/wiki/Q49133
aa_1233,Boston 35.236,https://www.wikidata.org/wiki/Q49133
aa_1234,Boston 54.569,https://www.wikidata.org/wiki/Q49133
aa_1235,Boston 60.142,https://www.wikidata.org/wiki/Q49133
aa_1236,Boston 62.931,https://www.wikidata.org/wiki/Q49133
aa_1237,Boston 63.2659,https://www.wikidata.org/wiki/Q49133
aa_1238,Boston 64.2133,https://www.wikidata.org/wiki/Q49133
aa_1239,Boston 64.2134,https://www.wikidata.org/wiki/Q49133
aa_1240,Boston 65.5,https://www.wikidata.org/wiki/Q49133
aa_1241,Boston 65.455,https://www.wikidata.org/wiki/Q49133
aa_1242,Boston 67.632,https://www.wikidata.org/wiki/Q49133
aa_1243,Boston 1982.609,https://www.wikidata.org/wiki/Q49133
aa_1244,Boston 1982.610,https://www.wikidata.org/wiki/Q49133
aa_1245,Boston 1982.611,https://www.wikidata.org/wiki/Q49133
aa_1246,Boston 1986.893,https://www.wikidata.org/wiki/Q49133
aa_1247,Boston 92.122,https://www.wikidata.org/wiki/Q49133
aa_1248,Boston 32.901,https://www.wikidata.org/wiki/Q49133
aa_1249,Boston 52.1028,https://www.wikidata.org/wiki/Q49133
aa_1250,Boston 67.633,https://www.wikidata.org/wiki/Q49133
aa_1251,Boston 1988.350,https://www.wikidata.org/wiki/Q49133
aa_1252,Boston 61.1069,https://www.wikidata.org/wiki/Q49133
aa_1253,Boston 64.2135,https://www.wikidata.org/wiki/Q49133
aa_1254,Boston 1982.612,https://www.wikidata.org/wiki/Q49133
aa_1255,Boston 1986.895,https://www.wikidata.org/wiki/Q49133
aa_1256,Boston 35.238,https://www.wikidata.org/wiki/Q49133
aa_1257,Boston 1978.42,https://www.wikidata.org/wiki/Q49133
aa_1258,Boston 35.239,https://www.wikidata.org/wiki/Q49133
aa_1259,Boston 68.482,https://www.wikidata.org/wiki/Q49133
aa_1260,Boston 68.484,https://www.wikidata.org/wiki/Q49133
aa_1261,Boston 68.486,https://www.wikidata.org/wiki/Q49133
aa_1262,Boston 52.1018,https://www.wikidata.org/wiki/Q49133
aa_1263,Boston 53.2019,https://www.wikidata.org/wiki/Q49133
aa_1264,Boston 12.535,https://www.wikidata.org/wiki/Q49133
aa_1266,Boston 12.508,https://www.wikidata.org/wiki/Q49133
aa_1267,Boston 32.911,https://www.wikidata.org/wiki/Q49133
aa_1268,Boston 67.7,https://www.wikidata.org/wiki/Q49133
aa_1269,Boston 1972.355,https://www.wikidata.org/wiki/Q49133
aa_1270,Boston 1973.6,https://www.wikidata.org/wiki/Q49133
aa_1271,Boston 32.1251,https://www.wikidata.org/wiki/Q49133
aa_1272,Boston 1961 Apparatus no. 1,https://www.wikidata.org/wiki/Q49133
aa_1273,Boston 1970.6,https://www.wikidata.org/wiki/Q49133
aa_1274,Boston 54.570,https://www.wikidata.org/wiki/Q49133
aa_1276,Boston 34.1434,https://www.wikidata.org/wiki/Q49133
aa_1277,Boston 35.1462,https://www.wikidata.org/wiki/Q49133
aa_1278,Boston 63.2656,https://www.wikidata.org/wiki/Q49133
aa_1279,Boston 66.311,https://www.wikidata.org/wiki/Q49133
aa_1280,Boston 13.709,https://www.wikidata.org/wiki/Q49133
aa_1281,Boston 68.483,https://www.wikidata.org/wiki/Q49133
aa_1282,Boston 68.488,https://www.wikidata.org/wiki/Q49133
aa_1283,Boston 35.262,https://www.wikidata.org/wiki/Q49133
aa_1284,Boston 40.180,https://www.wikidata.org/wiki/Q49133
aa_1285,Boston 64.2136,https://www.wikidata.org/wiki/Q49133
aa_1286,Boston 64.2138,https://www.wikidata.org/wiki/Q49133
aa_1287,Boston 1986.896,https://www.wikidata.org/wiki/Q49133
aa_1288,Boston 1986.897,https://www.wikidata.org/wiki/Q49133
aa_1289,Boston 1986.898,https://www.wikidata.org/wiki/Q49133
aa_1290,Boston 1988.351,https://www.wikidata.org/wiki/Q49133
aa_1291,Boston 34.1419,https://www.wikidata.org/wiki/Q49133
aa_1292,Boston 35.252,https://www.wikidata.org/wiki/Q49133
aa_1293,Boston 35.248,https://www.wikidata.org/wiki/Q49133
aa_1294,Boston 60.1144,https://www.wikidata.org/wiki/Q49133
aa_1295,Boston 64.2034,https://www.wikidata.org/wiki/Q49133
aa_1296,Boston 64.2035,https://www.wikidata.org/wiki/Q49133
aa_1297,Boston 64.2139,https://www.wikidata.org/wiki/Q49133
aa_1298,Boston 64.2140,https://www.wikidata.org/wiki/Q49133
aa_1299,Boston 64.2141,https://www.wikidata.org/wiki/Q49133
aa_1300,Boston 68.710,https://www.wikidata.org/wiki/Q49133
aa_1301,Boston 35.258,https://www.wikidata.org/wiki/Q49133
aa_1302,Boston 68.461,https://www.wikidata.org/wiki/Q49133
aa_1303,Boston 60.1143,https://www.wikidata.org/wiki/Q49133
aa_1304,Boston 60.1142,https://www.wikidata.org/wiki/Q49133
aa_1305,Boston 35.1469,https://www.wikidata.org/wiki/Q49133
aa_1306,Boston 60.143,https://www.wikidata.org/wiki/Q49133
aa_1307,Boston 34.1420,https://www.wikidata.org/wiki/Q49133
aa_1308,Boston 35.1470,https://www.wikidata.org/wiki/Q49133
aa_1309,Boston 35.232,https://www.wikidata.org/wiki/Q49133
aa_1310,Boston 65.456,https://www.wikidata.org/wiki/Q49133
aa_1311,Boston 1971.392,https://www.wikidata.org/wiki/Q49133
aa_1312,Boston 1983.9,https://www.wikidata.org/wiki/Q49133
aa_1313,Boston 35.245,https://www.wikidata.org/wiki/Q49133
aa_1314,Boston 68.500,https://www.wikidata.org/wiki/Q49133
aa_1315,Boston 60.1432,https://www.wikidata.org/wiki/Q49133
aa_1316,Boston 32.1255,https://www.wikidata.org/wiki/Q49133
aa_1317,Boston 66.244,https://www.wikidata.org/wiki/Q49133
aa_1318,Boston 53.2020,https://www.wikidata.org/wiki/Q49133
aa_1319,Boston 32.1073,https://www.wikidata.org/wiki/Q49133
aa_1320,Boston 34.1422,https://www.wikidata.org/wiki/Q49133
aa_1321,Boston 64.1940,https://www.wikidata.org/wiki/Q49133
aa_1322,Boston 69.983,https://www.wikidata.org/wiki/Q49133
aa_1323,Boston 53.2021,https://www.wikidata.org/wiki/Q49133
aa_1324,Boston 1981.399,https://www.wikidata.org/wiki/Q49133
aa_1325,Boston 01.4992,https://www.wikidata.org/wiki/Q49133
aa_1327,Boston 1962 Apparatus no. 1,https://www.wikidata.org/wiki/Q49133
aa_1328,Boston 1992.203,https://www.wikidata.org/wiki/Q49133
aa_1329,Boston 32.1276,https://www.wikidata.org/wiki/Q49133
aa_1330,Boston 1982.403,https://www.wikidata.org/wiki/Q49133
aa_1331,Boston 35.1467,https://www.wikidata.org/wiki/Q49133
aa_1332,Boston 60.146,https://www.wikidata.org/wiki/Q49133
aa_1333,Boston 35.235,https://www.wikidata.org/wiki/Q49133
aa_1334,Boston 36.451,https://www.wikidata.org/wiki/Q49133
aa_1335,Boston 64.2143,https://www.wikidata.org/wiki/Q49133
aa_1336,Boston 1986.899,https://www.wikidata.org/wiki/Q49133
aa_1337,Boston 34.1421,https://www.wikidata.org/wiki/Q49133
aa_1338,Boston 58.1186,https://www.wikidata.org/wiki/Q49133
aa_1339,Boston 35.1452,https://www.wikidata.org/wiki/Q49133
aa_1340,Boston 35.1468,https://www.wikidata.org/wiki/Q49133
aa_1341,Boston 92.142,https://www.wikidata.org/wiki/Q49133
aa_1342,Boston 35.267,https://www.wikidata.org/wiki/Q49133
aa_1344,Boston 68.455,https://www.wikidata.org/wiki/Q49133
aa_1345,Boston 34.1433,https://www.wikidata.org/wiki/Q49133
aa_1346,Boston 02.24,https://www.wikidata.org/wiki/Q49133
aa_1347,Boston 32.1280,https://www.wikidata.org/wiki/Q49133
aa_1348,Boston 12.562,https://www.wikidata.org/wiki/Q49133
aa_1349,Boston 32.1285,https://www.wikidata.org/wiki/Q49133
aa_1350,Boston 32.1295,https://www.wikidata.org/wiki/Q49133
aa_1351,Boston 32.1305,https://www.wikidata.org/wiki/Q49133
aa_1352,Boston 34.1302,https://www.wikidata.org/wiki/Q49133
aa_1353,Boston 68.511,https://www.wikidata.org/wiki/Q49133
aa_1354,Boston 68.512,https://www.wikidata.org/wiki/Q49133
aa_1355,Boston 00.301,https://www.wikidata.org/wiki/Q49133
aa_1356,Boston 35.234,https://www.wikidata.org/wiki/Q49133
aa_1357,Boston 68.474,https://www.wikidata.org/wiki/Q49133
aa_1358,Boston 64.2144,https://www.wikidata.org/wiki/Q49133
aa_1359,Boston 68.470,https://www.wikidata.org/wiki/Q49133
aa_1360,Boston 68.471,https://www.wikidata.org/wiki/Q49133
aa_1361,Boston 68.476,https://www.wikidata.org/wiki/Q49133
aa_1362,Boston 1982.613,https://www.wikidata.org/wiki/Q49133
aa_1363,Boston 63.255,https://www.wikidata.org/wiki/Q49133
aa_1364,Boston 34.1426,https://www.wikidata.org/wiki/Q49133
aa_1365,Boston 35.249,https://www.wikidata.org/wiki/Q49133
aa_1367,Boston 34.1432,https://www.wikidata.org/wiki/Q49133
aa_1368,Boston 35.266,https://www.wikidata.org/wiki/Q49133
aa_1369,Boston 62.568,https://www.wikidata.org/wiki/Q49133
aa_1370,Boston 34.1428,https://www.wikidata.org/wiki/Q49133
aa_1371,Boston 17.3333,https://www.wikidata.org/wiki/Q49133
aa_1373,Boston 68.456,https://www.wikidata.org/wiki/Q49133
aa_1374,Boston 17.3356,https://www.wikidata.org/wiki/Q49133
aa_1375,Boston 17.3334,https://www.wikidata.org/wiki/Q49133
aa_1376,Boston 34.1293,https://www.wikidata.org/wiki/Q49133
aa_1377,Boston 63.195,https://www.wikidata.org/wiki/Q49133
aa_1378,Boston 13.760,https://www.wikidata.org/wiki/Q49133
aa_1379,Boston 32.93,https://www.wikidata.org/wiki/Q49133
aa_1380,Boston 32.1339,https://www.wikidata.org/wiki/Q49133
aa_1381,Boston 88.153,https://www.wikidata.org/wiki/Q49133
aa_1382,Boston 60.228,https://www.wikidata.org/wiki/Q49133
aa_1383,Boston 34.1429,https://www.wikidata.org/wiki/Q49133
aa_1384,Boston 35.275,https://www.wikidata.org/wiki/Q49133
aa_1385,Boston 60.147,https://www.wikidata.org/wiki/Q49133
aa_1386,Boston 32.947,https://www.wikidata.org/wiki/Q49133
aa_1387,Boston 40.181,https://www.wikidata.org/wiki/Q49133
aa_1388,Boston 34.1383,https://www.wikidata.org/wiki/Q49133
aa_1389,Boston 32.1136,https://www.wikidata.org/wiki/Q49133
aa_1390,Boston 68.517,https://www.wikidata.org/wiki/Q49133
aa_1391,Boston 01.5034,https://www.wikidata.org/wiki/Q49133
aa_1392,Boston 32.1346,https://www.wikidata.org/wiki/Q49133
aa_1393,Boston 59.515,https://www.wikidata.org/wiki/Q49133
aa_1394,Boston 32.1351,https://www.wikidata.org/wiki/Q49133
aa_1395,Boston 1997.139,https://www.wikidata.org/wiki/Q49133
aa_1396,Boston 92.155,https://www.wikidata.org/wiki/Q49133
aa_1397,Boston 92.149,https://www.wikidata.org/wiki/Q49133
aa_1398,Boston 53.2022,https://www.wikidata.org/wiki/Q49133
aa_1399,Boston 32.1352,https://www.wikidata.org/wiki/Q49133
aa_1400,Boston 64.51,https://www.wikidata.org/wiki/Q49133
aa_1401,Boston 64.52,https://www.wikidata.org/wiki/Q49133
aa_1402,Boston 34.1386,https://www.wikidata.org/wiki/Q49133
aa_1403,Boston 1983.322,https://www.wikidata.org/wiki/Q49133
aa_1404,Boston 64.2033,https://www.wikidata.org/wiki/Q49133
aa_1405,Boston 01.5011,https://www.wikidata.org/wiki/Q49133
aa_1406,Boston 32.1405,https://www.wikidata.org/wiki/Q49133
aa_1407,Boston 1990.316,https://www.wikidata.org/wiki/Q49133
aa_1408,Boston 52.1024,https://www.wikidata.org/wiki/Q49133
aa_1409,Boston 1985.97,https://www.wikidata.org/wiki/Q49133
aa_1410,Boston 12.495,https://www.wikidata.org/wiki/Q49133
aa_1411,Boston 32.994,https://www.wikidata.org/wiki/Q49133
aa_1412,Boston 35.260,https://www.wikidata.org/wiki/Q49133
aa_1413,Boston 32.1408,https://www.wikidata.org/wiki/Q49133
aa_1414,Boston 32.1410,https://www.wikidata.org/wiki/Q49133
aa_1415,Boston 65.393,https://www.wikidata.org/wiki/Q49133
aa_1416,Boston 32.1411,https://www.wikidata.org/wiki/Q49133
aa_1417,Boston 12.507,https://www.wikidata.org/wiki/Q49133
aa_1418,Boston 00.303,https://www.wikidata.org/wiki/Q49133
aa_1419,Boston 32.1428,https://www.wikidata.org/wiki/Q49133
aa_1420,Boston 35.2003,https://www.wikidata.org/wiki/Q49133
aa_1421,Boston 34.1396,https://www.wikidata.org/wiki/Q49133
aa_1422,Boston 12.509,https://www.wikidata.org/wiki/Q49133
aa_1423,Boston 1970.63,https://www.wikidata.org/wiki/Q49133
aa_1424,Boston 35.278,https://www.wikidata.org/wiki/Q49133
aa_1425,Boston 52.1022,https://www.wikidata.org/wiki/Q49133
aa_1426,Boston 34.1393,https://www.wikidata.org/wiki/Q49133
aa_1427,Boston 1988.353,https://www.wikidata.org/wiki/Q49133
aa_1428,Boston 59.503,https://www.wikidata.org/wiki/Q49133
aa_1429,Boston 34.1390,https://www.wikidata.org/wiki/Q49133
aa_1430,Boston 34.1389,https://www.wikidata.org/wiki/Q49133
aa_1431,Boston 64.193,https://www.wikidata.org/wiki/Q49133
aa_1432,Boston 64.197,https://www.wikidata.org/wiki/Q49133
aa_1433,Boston 64.176,https://www.wikidata.org/wiki/Q49133
aa_1434,Boston 64.189,https://www.wikidata.org/wiki/Q49133
aa_1435,Boston 64.191,https://www.wikidata.org/wiki/Q49133
aa_1436,Boston 64.195,https://www.wikidata.org/wiki/Q49133
aa_1437,Boston 59.511,https://www.wikidata.org/wiki/Q49133
aa_1438,Boston 60.3,https://www.wikidata.org/wiki/Q49133
aa_1439,Boston 13.543,https://www.wikidata.org/wiki/Q49133
aa_1440,Boston 59.508,https://www.wikidata.org/wiki/Q49133
aa_1441,Boston 35.285,https://www.wikidata.org/wiki/Q49133
aa_1442,Boston 35.286,https://www.wikidata.org/wiki/Q49133
aa_1443,Boston 35.291,https://www.wikidata.org/wiki/Q49133
aa_1444,Boston 1970.263,https://www.wikidata.org/wiki/Q49133
aa_1445,Boston 1988.155,https://www.wikidata.org/wiki/Q49133
aa_1446,Boston 34.1394,https://www.wikidata.org/wiki/Q49133
aa_1448,Boston 34.1304,https://www.wikidata.org/wiki/Q49133
aa_1447,Boston 35.297,https://www.wikidata.org/wiki/Q49133
aa_1449,Boston 61.1058,https://www.wikidata.org/wiki/Q49133
aa_1450,Boston 1984.421,https://www.wikidata.org/wiki/Q49133
aa_1451,Boston 63.1101,https://www.wikidata.org/wiki/Q49133
aa_1452,Boston 63.423,https://www.wikidata.org/wiki/Q49133
aa_1453,Boston 64.298,https://www.wikidata.org/wiki/Q49133
aa_1455,Boston 1986.761,https://www.wikidata.org/wiki/Q49133
aa_1456,Boston 1986.252,https://www.wikidata.org/wiki/Q49133
aa_1457,Boston 63.1410,https://www.wikidata.org/wiki/Q49133
aa_1458,Boston 63.2638,https://www.wikidata.org/wiki/Q49133
aa_1460,Boston 1975.356,https://www.wikidata.org/wiki/Q49133
aa_1461,Boston 1987.304,https://www.wikidata.org/wiki/Q49133
aa_1462,Boston 1973.149,https://www.wikidata.org/wiki/Q49133
aa_1463,Boston 1973.7,https://www.wikidata.org/wiki/Q49133
aa_1464,Boston 62.629,https://www.wikidata.org/wiki/Q49133
aa_1465,Boston 66.278,https://www.wikidata.org/wiki/Q49133
aa_1466,Boston 1974.500,https://www.wikidata.org/wiki/Q49133
aa_1467,Boston 35.226,https://www.wikidata.org/wiki/Q49133
aa_1468,Boston 59.497,https://www.wikidata.org/wiki/Q49133
aa_1469,Boston 59.506,https://www.wikidata.org/wiki/Q49133
aa_1470,Boston 59.507,https://www.wikidata.org/wiki/Q49133
aa_1471,Boston 60.4,https://www.wikidata.org/wiki/Q49133
aa_1472,Boston 58.698,https://www.wikidata.org/wiki/Q49133
aa_1473,Boston 69.4,https://www.wikidata.org/wiki/Q49133
aa_1474,Boston 59.489,https://www.wikidata.org/wiki/Q49133
aa_1475,Boston 59.251,https://www.wikidata.org/wiki/Q49133
aa_1476,Boston 35.1463,https://www.wikidata.org/wiki/Q49133
aa_1477,Boston 34.1387,https://www.wikidata.org/wiki/Q49133
aa_1478,Boston 1978.35,https://www.wikidata.org/wiki/Q49133
aa_1479,Boston 35.1457,https://www.wikidata.org/wiki/Q49133
aa_1480,Boston 1978.40,https://www.wikidata.org/wiki/Q49133
aa_1481,Boston 68.613,https://www.wikidata.org/wiki/Q49133
aa_1482,Boston 35.261,https://www.wikidata.org/wiki/Q49133
aa_1483,Boston 68.706,https://www.wikidata.org/wiki/Q49133
aa_1484,Boston 1972.76,https://www.wikidata.org/wiki/Q49133
aa_1485,Boston 35.1455,https://www.wikidata.org/wiki/Q49133
aa_1486,Boston 59.482,https://www.wikidata.org/wiki/Q49133
aa_1487,Boston 65.446,https://www.wikidata.org/wiki/Q49133
aa_1488,Boston 35.1458,https://www.wikidata.org/wiki/Q49133
aa_1489,Boston 35.237,https://www.wikidata.org/wiki/Q49133
aa_1490,Boston 35.276,https://www.wikidata.org/wiki/Q49133
aa_1491,Boston 34.1425,https://www.wikidata.org/wiki/Q49133
aa_1492,Boston 35.224,https://www.wikidata.org/wiki/Q49133
aa_1493,Boston 34.1431,https://www.wikidata.org/wiki/Q49133
aa_1494,Boston 59.495,https://www.wikidata.org/wiki/Q49133
aa_1495,Boston 35.1453,https://www.wikidata.org/wiki/Q49133
aa_1496,Boston 60.1146,https://www.wikidata.org/wiki/Q49133
aa_1497,Boston 58.3,https://www.wikidata.org/wiki/Q49133
aa_1498,Boston 1970.262,https://www.wikidata.org/wiki/Q49133
aa_1499,Boston 58.516,https://www.wikidata.org/wiki/Q49133
aa_1500,Boston 58.2,https://www.wikidata.org/wiki/Q49133
aa_1501,Boston 67.1027,https://www.wikidata.org/wiki/Q49133
aa_1502,Boston 66.824,https://www.wikidata.org/wiki/Q49133
aa_1504,Boston 60.2,https://www.wikidata.org/wiki/Q49133
aa_1505,Boston 1973.92,https://www.wikidata.org/wiki/Q49133
aa_1506,Boston 53.2017,https://www.wikidata.org/wiki/Q49133
aa_1507,Boston 64.49,https://www.wikidata.org/wiki/Q49133
aa_1508,Boston 34.1412,https://www.wikidata.org/wiki/Q49133
aa_1509,Boston 53.2018,https://www.wikidata.org/wiki/Q49133
aa_1510,Boston 54.656,https://www.wikidata.org/wiki/Q49133
aa_1511,Boston 67.599,https://www.wikidata.org/wiki/Q49133
aa_1512,Boston 52.1014,https://www.wikidata.org/wiki/Q49133
aa_1513,Boston 69.1056,https://www.wikidata.org/wiki/Q49133
aa_1514,Boston 54.657,https://www.wikidata.org/wiki/Q49133
aa_1515,Boston 64.5,https://www.wikidata.org/wiki/Q49133
aa_1516,Boston 67.1013,https://www.wikidata.org/wiki/Q49133
aa_1517,Boston 35.270,https://www.wikidata.org/wiki/Q49133
aa_1518,Boston 63.1621,https://www.wikidata.org/wiki/Q49133
aa_1519,Boston 66.426,https://www.wikidata.org/wiki/Q49133
aa_1520,Boston 68.752,https://www.wikidata.org/wiki/Q49133
aa_1521,Boston 1970.261,https://www.wikidata.org/wiki/Q49133
aa_1522,Boston 53.2023,https://www.wikidata.org/wiki/Q49133
aa_1523,Boston 59.494,https://www.wikidata.org/wiki/Q49133
aa_1524,Boston 63.84,https://www.wikidata.org/wiki/Q49133
aa_1525,Boston 63.81,https://www.wikidata.org/wiki/Q49133
aa_1526,Boston 63.1497,https://www.wikidata.org/wiki/Q49133
aa_1527,Boston 63.76,https://www.wikidata.org/wiki/Q49133
aa_1528,Boston 63.77,https://www.wikidata.org/wiki/Q49133
aa_1529,Boston 63.79,https://www.wikidata.org/wiki/Q49133
aa_1530,Boston 1984.7,https://www.wikidata.org/wiki/Q49133
aa_1531,Boston 63.2645,https://www.wikidata.org/wiki/Q49133
aa_1532,Boston 60.1150,https://www.wikidata.org/wiki/Q49133
aa_1533,Boston 1971.391,https://www.wikidata.org/wiki/Q49133
aa_1534,Boston 1984.240,https://www.wikidata.org/wiki/Q49133
aa_1535,Boston 64.503,https://www.wikidata.org/wiki/Q49133
aa_1536,Boston 65.6,https://www.wikidata.org/wiki/Q49133
aa_1537,Boston 1970.388,https://www.wikidata.org/wiki/Q49133
aa_1538,Boston 1984.428,https://www.wikidata.org/wiki/Q49133
aa_1539,Boston 63.1501,https://www.wikidata.org/wiki/Q49133
aa_1540,Boston 1982.423,https://www.wikidata.org/wiki/Q49133
aa_1541,Boston 1984.15,https://www.wikidata.org/wiki/Q49133
aa_1542,Boston 61.1126,https://www.wikidata.org/wiki/Q49133
aa_1543,Boston 66.281,https://www.wikidata.org/wiki/Q49133
aa_1544,Boston 1972.12,https://www.wikidata.org/wiki/Q49133
aa_1546,Boston 1983.8,https://www.wikidata.org/wiki/Q49133
aa_1547,Boston 1977.608,https://www.wikidata.org/wiki/Q49133
aa_1548,Boston 1972.1017,https://www.wikidata.org/wiki/Q49133
aa_1549,Boston 1983.7,https://www.wikidata.org/wiki/Q49133
aa_1550,Boston 35.218,https://www.wikidata.org/wiki/Q49133
aa_1551,Boston 63.1242,https://www.wikidata.org/wiki/Q49133
aa_1552,Boston 1984.5,https://www.wikidata.org/wiki/Q49133
aa_1553,Boston 1983.3,https://www.wikidata.org/wiki/Q49133
aa_1554,Boston 1983.6,https://www.wikidata.org/wiki/Q49133
aa_1555,Boston 1974.510,https://www.wikidata.org/wiki/Q49133
aa_1556,Boston 1984.6,https://www.wikidata.org/wiki/Q49133
aa_1557,Boston 1984.425,https://www.wikidata.org/wiki/Q49133
aa_1558,Boston 1984.104,https://www.wikidata.org/wiki/Q49133
aa_1559,Boston 62.163,https://www.wikidata.org/wiki/Q49133
aa_1560,Boston 1973.611,https://www.wikidata.org/wiki/Q49133
aa_1561,Boston 61.193,https://www.wikidata.org/wiki/Q49133
aa_1562,Boston 1972.14,https://www.wikidata.org/wiki/Q49133
aa_1563,Boston 62.368,https://www.wikidata.org/wiki/Q49133
aa_1564,Boston 1982.284,https://www.wikidata.org/wiki/Q49133
aa_1565,Boston 63.1505,https://www.wikidata.org/wiki/Q49133
aa_1566,Boston 1972.16,https://www.wikidata.org/wiki/Q49133
aa_1567,Boston 59.296,https://www.wikidata.org/wiki/Q49133
aa_1568,Boston 1975.358,https://www.wikidata.org/wiki/Q49133
aa_1569,Boston 58.695,https://www.wikidata.org/wiki/Q49133
aa_1570,Boston 1971.136,https://www.wikidata.org/wiki/Q49133
aa_1571,Boston 64.1451,https://www.wikidata.org/wiki/Q49133
aa_1572,Boston 1971.45,https://www.wikidata.org/wiki/Q49133
aa_1573,Boston 58.13,https://www.wikidata.org/wiki/Q49133
aa_1574,Boston 1984.218,https://www.wikidata.org/wiki/Q49133
aa_1575,Boston 1982.467,https://www.wikidata.org/wiki/Q49133
aa_1576,Boston 1982.283,https://www.wikidata.org/wiki/Q49133
aa_1577,Boston 58.702,https://www.wikidata.org/wiki/Q49133
aa_1578,Boston 65.59,https://www.wikidata.org/wiki/Q49133
aa_1579,Boston 1984.581,https://www.wikidata.org/wiki/Q49133
aa_1580,Boston 1984.217,https://www.wikidata.org/wiki/Q49133
aa_1581,Boston 58.964,https://www.wikidata.org/wiki/Q49133
aa_1582,Boston 59.185,https://www.wikidata.org/wiki/Q49133
aa_1583,Boston 37.1162,https://www.wikidata.org/wiki/Q49133
aa_1584,Boston 58.966,https://www.wikidata.org/wiki/Q49133
aa_1585,Boston 65.907,https://www.wikidata.org/wiki/Q49133
aa_1586,Boston 66.882,https://www.wikidata.org/wiki/Q49133
aa_1587,Boston 68.17,https://www.wikidata.org/wiki/Q49133
aa_1588,Boston 35.1465,https://www.wikidata.org/wiki/Q49133
aa_1589,Boston 64.695,https://www.wikidata.org/wiki/Q49133
aa_1590,Boston 1973.550,https://www.wikidata.org/wiki/Q49133
aa_1591,Boston 1970.589,https://www.wikidata.org/wiki/Q49133
aa_1592,Boston 37.27,https://www.wikidata.org/wiki/Q49133
aa_1593,Boston 60.5,https://www.wikidata.org/wiki/Q49133
aa_1594,Boston 68.150,https://www.wikidata.org/wiki/Q49133
aa_1595,Boston 1993.66,https://www.wikidata.org/wiki/Q49133
aa_1596,Boston 1980.210,https://www.wikidata.org/wiki/Q49133
aa_1597,Boston 34.1382,https://www.wikidata.org/wiki/Q49133
aa_1598,Boston 1972.865,https://www.wikidata.org/wiki/Q49133
aa_1599,Boston 1991.5,https://www.wikidata.org/wiki/Q49133
aa_1600,Boston 1974.531,https://www.wikidata.org/wiki/Q49133
aa_1601,Boston 60.151,https://www.wikidata.org/wiki/Q49133
aa_1603,Boston 1970.569,https://www.wikidata.org/wiki/Q49133
aa_1604,Boston 34.1381,https://www.wikidata.org/wiki/Q49133
aa_1605,Boston 1971.358,https://www.wikidata.org/wiki/Q49133
aa_1606,Boston 59.516,https://www.wikidata.org/wiki/Q49133
aa_1607,Boston 35.694,https://www.wikidata.org/wiki/Q49133
aa_1608,Boston 58.697,https://www.wikidata.org/wiki/Q49133
aa_1609,Boston 37.26,https://www.wikidata.org/wiki/Q49133
aa_1610,Boston 61.207,https://www.wikidata.org/wiki/Q49133
aa_1611,Boston 1971.636,https://www.wikidata.org/wiki/Q49133
aa_1612,Boston 1971.210,https://www.wikidata.org/wiki/Q49133
aa_1613,Boston 1971.637,https://www.wikidata.org/wiki/Q49133
aa_1614,Boston 1971.213,https://www.wikidata.org/wiki/Q49133
aa_1615,Boston 69.1058,https://www.wikidata.org/wiki/Q49133
aa_1275,Boston 1971.137,https://www.wikidata.org/wiki/Q49133
aa_1005,Boston 12.450,https://www.wikidata.org/wiki/Q49133
aa_1265,Boston 00.298,https://www.wikidata.org/wiki/Q49133
aa_1326,Boston 01.5010,https://www.wikidata.org/wiki/Q49133
aa_1366,Boston 32.1098,https://www.wikidata.org/wiki/Q49133
aa_1503,Boston 53.2015,https://www.wikidata.org/wiki/Q49133
aa_1602,Boston 1972.1000,https://www.wikidata.org/wiki/Q49133
aa_877,BCMA 1914.6.16,https://www.wikidata.org/wiki/Q4950759
